Zona;Seção;Local;Latitude;Longitude;Local Seção;Endereço;Bairro;IdBairro;Cidade;;
158;307;1;-22.751364;-47.328628;CEEJA - CENTRO ESTADUAL EDUCACIONAL DE JOVENS E ADULTOS;RUA RIACHUELO, 700;VILA SANTA CATARINA;1;AMERICANA;;
158;338;1;-22.751364;-47.328628;CEEJA - CENTRO ESTADUAL EDUCACIONAL DE JOVENS E ADULTOS;RUA RIACHUELO, 700;VILA SANTA CATARINA;1;AMERICANA;;
158;235;2;-22.713992;-47.363757;CIEP PROFº ANISIO SPINOLA TEIXEIRA;R HUMBERTO POLO, 200;PARQUE SÃO JERÔNIMO;2;AMERICANA;;
158;242;2;-22.713992;-47.363757;CIEP PROFº ANISIO SPINOLA TEIXEIRA;R HUMBERTO POLO, 200;PARQUE SÃO JERÔNIMO;2;AMERICANA;;
158;257;2;-22.713992;-47.363757;CIEP PROFº ANISIO SPINOLA TEIXEIRA;R HUMBERTO POLO, 200;PARQUE SÃO JERÔNIMO;2;AMERICANA;;
158;267;2;-22.713992;-47.363757;CIEP PROFº ANISIO SPINOLA TEIXEIRA;R HUMBERTO POLO, 200;PARQUE SÃO JERÔNIMO;2;AMERICANA;;
158;278;2;-22.713992;-47.363757;CIEP PROFº ANISIO SPINOLA TEIXEIRA;R HUMBERTO POLO, 200;PARQUE SÃO JERÔNIMO;2;AMERICANA;;
158;284;2;-22.713992;-47.363757;CIEP PROFº ANISIO SPINOLA TEIXEIRA;R HUMBERTO POLO, 200;PARQUE SÃO JERÔNIMO;2;AMERICANA;;
158;294;2;-22.713992;-47.363757;CIEP PROFº ANISIO SPINOLA TEIXEIRA;R HUMBERTO POLO, 200;PARQUE SÃO JERÔNIMO;2;AMERICANA;;
158;303;2;-22.713992;-47.363757;CIEP PROFº ANISIO SPINOLA TEIXEIRA;R HUMBERTO POLO, 200;PARQUE SÃO JERÔNIMO;2;AMERICANA;;
158;308;2;-22.713992;-47.363757;CIEP PROFº ANISIO SPINOLA TEIXEIRA;R HUMBERTO POLO, 200;PARQUE SÃO JERÔNIMO;2;AMERICANA;;
158;328;2;-22.713992;-47.363757;CIEP PROFº ANISIO SPINOLA TEIXEIRA;R HUMBERTO POLO, 200;PARQUE SÃO JERÔNIMO;2;AMERICANA;;
158;332;2;-22.713992;-47.363757;CIEP PROFº ANISIO SPINOLA TEIXEIRA;R HUMBERTO POLO, 200;PARQUE SÃO JERÔNIMO;2;AMERICANA;;
158;342;2;-22.713992;-47.363757;CIEP PROFº ANISIO SPINOLA TEIXEIRA;R HUMBERTO POLO, 200;PARQUE SÃO JERÔNIMO;2;AMERICANA;;
158;237;3;-22.750728;-47.359070;COLEGIO ANTARES;R ICARAI, 100;JARDIM IPIRANGA;3;AMERICANA;;
158;246;3;-22.750728;-47.359070;COLEGIO ANTARES;R ICARAI, 100;JARDIM IPIRANGA;3;AMERICANA;;
158;258;3;-22.750728;-47.359070;COLEGIO ANTARES;R ICARAI, 100;JARDIM IPIRANGA;3;AMERICANA;;
158;293;3;-22.750728;-47.359070;COLEGIO ANTARES;R ICARAI, 100;JARDIM IPIRANGA;3;AMERICANA;;
158;311;3;-22.750728;-47.359070;COLEGIO ANTARES;R ICARAI, 100;JARDIM IPIRANGA;3;AMERICANA;;
158;9;4;-22.737230;-47.330483;COLEGIO COMERCIAL DOM PEDRO II;R DR HEITOR PENTEADO, 8;CENTRO;4;AMERICANA;;
158;196;4;-22.737230;-47.330483;COLEGIO COMERCIAL DOM PEDRO II;R DR HEITOR PENTEADO, 8;CENTRO;4;AMERICANA;;
158;218;4;-22.737230;-47.330483;COLEGIO COMERCIAL DOM PEDRO II;R DR HEITOR PENTEADO, 8;CENTRO;4;AMERICANA;;
158;10;4;-22.737230;-47.330483;COLEGIO COMERCIAL DOM PEDRO II;R DR HEITOR PENTEADO, 8;CENTRO;4;AMERICANA;;
158;11;4;-22.737230;-47.330483;COLEGIO COMERCIAL DOM PEDRO II;R DR HEITOR PENTEADO, 8;CENTRO;4;AMERICANA;;
158;12;4;-22.737230;-47.330483;COLEGIO COMERCIAL DOM PEDRO II;R DR HEITOR PENTEADO, 8;CENTRO;4;AMERICANA;;
158;13;4;-22.737230;-47.330483;COLEGIO COMERCIAL DOM PEDRO II;R DR HEITOR PENTEADO, 8;CENTRO;4;AMERICANA;;
158;16;5;-22.748206;-47.323799;E.E. DR. JOÃO DE CASTRO GONÇALVES;RUA TIBIRIÇÁ, 449;CONSERVA;5;AMERICANA;;
158;17;5;-22.748206;-47.323799;E.E. DR. JOÃO DE CASTRO GONÇALVES;RUA TIBIRIÇÁ, 449;CONSERVA;5;AMERICANA;;
158;18;5;-22.748206;-47.323799;E.E. DR. JOÃO DE CASTRO GONÇALVES;RUA TIBIRIÇÁ, 449;CONSERVA;5;AMERICANA;;
158;19;5;-22.748206;-47.323799;E.E. DR. JOÃO DE CASTRO GONÇALVES;RUA TIBIRIÇÁ, 449;CONSERVA;5;AMERICANA;;
158;20;5;-22.748206;-47.323799;E.E. DR. JOÃO DE CASTRO GONÇALVES;RUA TIBIRIÇÁ, 449;CONSERVA;5;AMERICANA;;
158;21;5;-22.748206;-47.323799;E.E. DR. JOÃO DE CASTRO GONÇALVES;RUA TIBIRIÇÁ, 449;CONSERVA;5;AMERICANA;;
158;36;6;-22.750428;-47.328437;E.E. JOAO XXIII;R DUQUE DE CAXIAS, 550;VILA GALO;6;AMERICANA;;
158;144;6;-22.750428;-47.328437;E.E. JOAO XXIII;R DUQUE DE CAXIAS, 550;VILA GALO;6;AMERICANA;;
158;145;6;-22.750428;-47.328437;E.E. JOAO XXIII;R DUQUE DE CAXIAS, 550;VILA GALO;6;AMERICANA;;
158;146;6;-22.750428;-47.328437;E.E. JOAO XXIII;R DUQUE DE CAXIAS, 550;VILA GALO;6;AMERICANA;;
158;147;6;-22.750428;-47.328437;E.E. JOAO XXIII;R DUQUE DE CAXIAS, 550;VILA GALO;6;AMERICANA;;
158;148;6;-22.750428;-47.328437;E.E. JOAO XXIII;R DUQUE DE CAXIAS, 550;VILA GALO;6;AMERICANA;;
158;149;6;-22.750428;-47.328437;E.E. JOAO XXIII;R DUQUE DE CAXIAS, 550;VILA GALO;6;AMERICANA;;
158;178;6;-22.750428;-47.328437;E.E. JOAO XXIII;R DUQUE DE CAXIAS, 550;VILA GALO;6;AMERICANA;;
158;192;6;-22.750428;-47.328437;E.E. JOAO XXIII;R DUQUE DE CAXIAS, 550;VILA GALO;6;AMERICANA;;
158;207;6;-22.750428;-47.328437;E.E. JOAO XXIII;R DUQUE DE CAXIAS, 550;VILA GALO;6;AMERICANA;;
158;208;6;-22.750428;-47.328437;E.E. JOAO XXIII;R DUQUE DE CAXIAS, 550;VILA GALO;6;AMERICANA;;
158;252;6;-22.750428;-47.328437;E.E. JOAO XXIII;R DUQUE DE CAXIAS, 550;VILA GALO;6;AMERICANA;;
158;274;6;-22.750428;-47.328437;E.E. JOAO XXIII;R DUQUE DE CAXIAS, 550;VILA GALO;6;AMERICANA;;
158;288;6;-22.750428;-47.328437;E.E. JOAO XXIII;R DUQUE DE CAXIAS, 550;VILA GALO;6;AMERICANA;;
158;24;7;-22.756953;-47.338418;E.E. MONSENHOR MAGI;R DOS SALGUEIROS, 495;JARDIM SÃO PAULO;7;AMERICANA;;
158;25;7;-22.756953;-47.338418;E.E. MONSENHOR MAGI;R DOS SALGUEIROS, 495;JARDIM SÃO PAULO;7;AMERICANA;;
158;26;7;-22.756953;-47.338418;E.E. MONSENHOR MAGI;R DOS SALGUEIROS, 495;JARDIM SÃO PAULO;7;AMERICANA;;
158;27;7;-22.756953;-47.338418;E.E. MONSENHOR MAGI;R DOS SALGUEIROS, 495;JARDIM SÃO PAULO;7;AMERICANA;;
158;28;7;-22.756953;-47.338418;E.E. MONSENHOR MAGI;R DOS SALGUEIROS, 495;JARDIM SÃO PAULO;7;AMERICANA;;
158;29;7;-22.756953;-47.338418;E.E. MONSENHOR MAGI;R DOS SALGUEIROS, 495;JARDIM SÃO PAULO;7;AMERICANA;;
158;30;7;-22.756953;-47.338418;E.E. MONSENHOR MAGI;R DOS SALGUEIROS, 495;JARDIM SÃO PAULO;7;AMERICANA;;
158;31;7;-22.756953;-47.338418;E.E. MONSENHOR MAGI;R DOS SALGUEIROS, 495;JARDIM SÃO PAULO;7;AMERICANA;;
158;32;7;-22.756953;-47.338418;E.E. MONSENHOR MAGI;R DOS SALGUEIROS, 495;JARDIM SÃO PAULO;7;AMERICANA;;
158;33;7;-22.756953;-47.338418;E.E. MONSENHOR MAGI;R DOS SALGUEIROS, 495;JARDIM SÃO PAULO;7;AMERICANA;;
158;34;7;-22.756953;-47.338418;E.E. MONSENHOR MAGI;R DOS SALGUEIROS, 495;JARDIM SÃO PAULO;7;AMERICANA;;
158;35;7;-22.756953;-47.338418;E.E. MONSENHOR MAGI;R DOS SALGUEIROS, 495;JARDIM SÃO PAULO;7;AMERICANA;;
158;264;7;-22.756953;-47.338418;E.E. MONSENHOR MAGI;R DOS SALGUEIROS, 495;JARDIM SÃO PAULO;7;AMERICANA;;
158;216;8;-22.725252;-47.337603;E.E. PROFº ALCINDO SOARES DO NASCIMENTO;R DINAMARCA, 531;JARDIM PAULISTANO;8;AMERICANA;;
158;224;8;-22.725252;-47.337603;E.E. PROFº ALCINDO SOARES DO NASCIMENTO;R DINAMARCA, 531;JARDIM PAULISTANO;8;AMERICANA;;
158;233;8;-22.725252;-47.337603;E.E. PROFº ALCINDO SOARES DO NASCIMENTO;R DINAMARCA, 531;JARDIM PAULISTANO;8;AMERICANA;;
158;241;8;-22.725252;-47.337603;E.E. PROFº ALCINDO SOARES DO NASCIMENTO;R DINAMARCA, 531;JARDIM PAULISTANO;8;AMERICANA;;
158;249;8;-22.725252;-47.337603;E.E. PROFº ALCINDO SOARES DO NASCIMENTO;R DINAMARCA, 531;JARDIM PAULISTANO;8;AMERICANA;;
158;262;8;-22.725252;-47.337603;E.E. PROFº ALCINDO SOARES DO NASCIMENTO;R DINAMARCA, 531;JARDIM PAULISTANO;8;AMERICANA;;
158;273;8;-22.725252;-47.337603;E.E. PROFº ALCINDO SOARES DO NASCIMENTO;R DINAMARCA, 531;JARDIM PAULISTANO;8;AMERICANA;;
158;283;8;-22.725252;-47.337603;E.E. PROFº ALCINDO SOARES DO NASCIMENTO;R DINAMARCA, 531;JARDIM PAULISTANO;8;AMERICANA;;
158;296;8;-22.725252;-47.337603;E.E. PROFº ALCINDO SOARES DO NASCIMENTO;R DINAMARCA, 531;JARDIM PAULISTANO;8;AMERICANA;;
158;304;8;-22.725252;-47.337603;E.E. PROFº ALCINDO SOARES DO NASCIMENTO;R DINAMARCA, 531;JARDIM PAULISTANO;8;AMERICANA;;
158;136;9;-22.744096;-47.330700;E.E. PROFº DR HEITOR PENTEADO;R DOS PROFS, 40;CENTRO;4;AMERICANA;;
158;174;9;-22.744096;-47.330700;E.E. PROFº DR HEITOR PENTEADO;R DOS PROFS, 40;CENTRO;4;AMERICANA;;
158;200;9;-22.744096;-47.330700;E.E. PROFº DR HEITOR PENTEADO;R DOS PROFS, 40;CENTRO;4;AMERICANA;;
158;253;9;-22.744096;-47.330700;E.E. PROFº DR HEITOR PENTEADO;R DOS PROFS, 40;CENTRO;4;AMERICANA;;
158;275;9;-22.744096;-47.330700;E.E. PROFº DR HEITOR PENTEADO;R DOS PROFS, 40;CENTRO;4;AMERICANA;;
158;286;9;-22.744096;-47.330700;E.E. PROFº DR HEITOR PENTEADO;R DOS PROFS, 40;CENTRO;4;AMERICANA;;
158;301;9;-22.744096;-47.330700;E.E. PROFº DR HEITOR PENTEADO;R DOS PROFS, 40;CENTRO;4;AMERICANA;;
158;317;9;-22.744096;-47.330700;E.E. PROFº DR HEITOR PENTEADO;R DOS PROFS, 40;CENTRO;4;AMERICANA;;
158;327;9;-22.744096;-47.330700;E.E. PROFº DR HEITOR PENTEADO;R DOS PROFS, 40;CENTRO;4;AMERICANA;;
158;335;9;-22.744096;-47.330700;E.E. PROFº DR HEITOR PENTEADO;R DOS PROFS, 40;CENTRO;4;AMERICANA;;
158;137;9;-22.744096;-47.330700;E.E. PROFº DR HEITOR PENTEADO;R DOS PROFS, 40;CENTRO;4;AMERICANA;;
158;138;9;-22.744096;-47.330700;E.E. PROFº DR HEITOR PENTEADO;R DOS PROFS, 40;CENTRO;4;AMERICANA;;
158;139;9;-22.744096;-47.330700;E.E. PROFº DR HEITOR PENTEADO;R DOS PROFS, 40;CENTRO;4;AMERICANA;;
158;140;9;-22.744096;-47.330700;E.E. PROFº DR HEITOR PENTEADO;R DOS PROFS, 40;CENTRO;4;AMERICANA;;
158;141;9;-22.744096;-47.330700;E.E. PROFº DR HEITOR PENTEADO;R DOS PROFS, 40;CENTRO;4;AMERICANA;;
158;142;9;-22.744096;-47.330700;E.E. PROFº DR HEITOR PENTEADO;R DOS PROFS, 40;CENTRO;4;AMERICANA;;
158;143;9;-22.744096;-47.330700;E.E. PROFº DR HEITOR PENTEADO;R DOS PROFS, 40;CENTRO;4;AMERICANA;;
158;323;10;-22.723957;-47.357177;E.E. PROFº LUIZ HIPOLITO;RUA JOAO BATISTA BAZANELLI, 15;VILA DAINESE;9;AMERICANA;;
158;337;10;-22.723957;-47.357177;E.E. PROFº LUIZ HIPOLITO;RUA JOAO BATISTA BAZANELLI, 15;VILA DAINESE;9;AMERICANA;;
158;245;11;-22.729893;-47.353989;E.E. PROFº MARCELINO TOMBI;R DOS SOLIMOES, 780;JARDIM SÃO ROQUE;10;AMERICANA;;
158;266;11;-22.729893;-47.353989;E.E. PROFº MARCELINO TOMBI;R DOS SOLIMOES, 780;JARDIM SÃO ROQUE;10;AMERICANA;;
158;289;11;-22.729893;-47.353989;E.E. PROFº MARCELINO TOMBI;R DOS SOLIMOES, 780;JARDIM SÃO ROQUE;10;AMERICANA;;
158;319;11;-22.729893;-47.353989;E.E. PROFº MARCELINO TOMBI;R DOS SOLIMOES, 780;JARDIM SÃO ROQUE;10;AMERICANA;;
158;344;11;-22.729893;-47.353989;E.E. PROFº MARCELINO TOMBI;R DOS SOLIMOES, 780;JARDIM SÃO ROQUE;10;AMERICANA;;
158;321;12;-22.705775;-47.368841;E.E. PROFª MARIA DO CARMO AUGUSTI;RUA CYRA DE OLIVEIRA PETRIN, S/N;JARDIM DAS ORQUÍDEAS;11;AMERICANA;;
158;325;12;-22.705775;-47.368841;E.E. PROFª MARIA DO CARMO AUGUSTI;RUA CYRA DE OLIVEIRA PETRIN, S/N;JARDIM DAS ORQUÍDEAS;11;AMERICANA;;
158;340;12;-22.705775;-47.368841;E.E. PROFª MARIA DO CARMO AUGUSTI;RUA CYRA DE OLIVEIRA PETRIN, S/N;JARDIM DAS ORQUÍDEAS;11;AMERICANA;;
158;72;13;-22.738604;-47.353618;E.E. PROFª MARIA JOSE DE MATTOS GOBBO;R COELHO NETO, 650;VILA DAINESE;9;AMERICANA;;
158;73;13;-22.738604;-47.353618;E.E. PROFª MARIA JOSE DE MATTOS GOBBO;R COELHO NETO, 650;VILA DAINESE;9;AMERICANA;;
158;74;13;-22.738604;-47.353618;E.E. PROFª MARIA JOSE DE MATTOS GOBBO;R COELHO NETO, 650;VILA DAINESE;9;AMERICANA;;
158;75;13;-22.738604;-47.353618;E.E. PROFª MARIA JOSE DE MATTOS GOBBO;R COELHO NETO, 650;VILA DAINESE;9;AMERICANA;;
158;76;13;-22.738604;-47.353618;E.E. PROFª MARIA JOSE DE MATTOS GOBBO;R COELHO NETO, 650;VILA DAINESE;9;AMERICANA;;
158;77;13;-22.738604;-47.353618;E.E. PROFª MARIA JOSE DE MATTOS GOBBO;R COELHO NETO, 650;VILA DAINESE;9;AMERICANA;;
158;79;13;-22.738604;-47.353618;E.E. PROFª MARIA JOSE DE MATTOS GOBBO;R COELHO NETO, 650;VILA DAINESE;9;AMERICANA;;
158;80;13;-22.738604;-47.353618;E.E. PROFª MARIA JOSE DE MATTOS GOBBO;R COELHO NETO, 650;VILA DAINESE;9;AMERICANA;;
158;181;13;-22.738604;-47.353618;E.E. PROFª MARIA JOSE DE MATTOS GOBBO;R COELHO NETO, 650;VILA DAINESE;9;AMERICANA;;
158;195;13;-22.738604;-47.353618;E.E. PROFª MARIA JOSE DE MATTOS GOBBO;R COELHO NETO, 650;VILA DAINESE;9;AMERICANA;;
158;211;13;-22.738604;-47.353618;E.E. PROFª MARIA JOSE DE MATTOS GOBBO;R COELHO NETO, 650;VILA DAINESE;9;AMERICANA;;
158;209;14;-22.720642;-47.362591;E.E. PROFª NIOMAR APPARECIDA MATTOS G A GURGEL;R ALFREDO SPINOLA DE MELLO, 200;PARQUE GRAMADO;12;AMERICANA;;
158;215;14;-22.720642;-47.362591;E.E. PROFª NIOMAR APPARECIDA MATTOS G A GURGEL;R ALFREDO SPINOLA DE MELLO, 200;PARQUE GRAMADO;12;AMERICANA;;
158;223;14;-22.720642;-47.362591;E.E. PROFª NIOMAR APPARECIDA MATTOS G A GURGEL;R ALFREDO SPINOLA DE MELLO, 200;PARQUE GRAMADO;12;AMERICANA;;
158;226;14;-22.720642;-47.362591;E.E. PROFª NIOMAR APPARECIDA MATTOS G A GURGEL;R ALFREDO SPINOLA DE MELLO, 200;PARQUE GRAMADO;12;AMERICANA;;
158;227;14;-22.720642;-47.362591;E.E. PROFª NIOMAR APPARECIDA MATTOS G A GURGEL;R ALFREDO SPINOLA DE MELLO, 200;PARQUE GRAMADO;12;AMERICANA;;
158;240;14;-22.720642;-47.362591;E.E. PROFª NIOMAR APPARECIDA MATTOS G A GURGEL;R ALFREDO SPINOLA DE MELLO, 200;PARQUE GRAMADO;12;AMERICANA;;
158;244;14;-22.720642;-47.362591;E.E. PROFª NIOMAR APPARECIDA MATTOS G A GURGEL;R ALFREDO SPINOLA DE MELLO, 200;PARQUE GRAMADO;12;AMERICANA;;
158;256;14;-22.720642;-47.362591;E.E. PROFª NIOMAR APPARECIDA MATTOS G A GURGEL;R ALFREDO SPINOLA DE MELLO, 200;PARQUE GRAMADO;12;AMERICANA;;
158;265;14;-22.720642;-47.362591;E.E. PROFª NIOMAR APPARECIDA MATTOS G A GURGEL;R ALFREDO SPINOLA DE MELLO, 200;PARQUE GRAMADO;12;AMERICANA;;
158;276;14;-22.720642;-47.362591;E.E. PROFª NIOMAR APPARECIDA MATTOS G A GURGEL;R ALFREDO SPINOLA DE MELLO, 200;PARQUE GRAMADO;12;AMERICANA;;
158;285;14;-22.720642;-47.362591;E.E. PROFª NIOMAR APPARECIDA MATTOS G A GURGEL;R ALFREDO SPINOLA DE MELLO, 200;PARQUE GRAMADO;12;AMERICANA;;
158;297;14;-22.720642;-47.362591;E.E. PROFª NIOMAR APPARECIDA MATTOS G A GURGEL;R ALFREDO SPINOLA DE MELLO, 200;PARQUE GRAMADO;12;AMERICANA;;
158;309;14;-22.720642;-47.362591;E.E. PROFª NIOMAR APPARECIDA MATTOS G A GURGEL;R ALFREDO SPINOLA DE MELLO, 200;PARQUE GRAMADO;12;AMERICANA;;
158;106;15;-22.758071;-47.324754;E.E. PROFº OCTAVIO SOARES DE ARRUDA;R TURUNAS, 158;BRIEDS;13;AMERICANA;;
158;186;15;-22.758071;-47.324754;E.E. PROFº OCTAVIO SOARES DE ARRUDA;R TURUNAS, 158;BRIEDS;13;AMERICANA;;
158;255;15;-22.758071;-47.324754;E.E. PROFº OCTAVIO SOARES DE ARRUDA;R TURUNAS, 158;BRIEDS;13;AMERICANA;;
158;298;15;-22.758071;-47.324754;E.E. PROFº OCTAVIO SOARES DE ARRUDA;R TURUNAS, 158;BRIEDS;13;AMERICANA;;
158;305;15;-22.758071;-47.324754;E.E. PROFº OCTAVIO SOARES DE ARRUDA;R TURUNAS, 158;BRIEDS;13;AMERICANA;;
158;107;15;-22.758071;-47.324754;E.E. PROFº OCTAVIO SOARES DE ARRUDA;R TURUNAS, 158;BRIEDS;13;AMERICANA;;
158;108;15;-22.758071;-47.324754;E.E. PROFº OCTAVIO SOARES DE ARRUDA;R TURUNAS, 158;BRIEDS;13;AMERICANA;;
158;109;15;-22.758071;-47.324754;E.E. PROFº OCTAVIO SOARES DE ARRUDA;R TURUNAS, 158;BRIEDS;13;AMERICANA;;
158;110;15;-22.758071;-47.324754;E.E. PROFº OCTAVIO SOARES DE ARRUDA;R TURUNAS, 158;BRIEDS;13;AMERICANA;;
158;96;16;-22.747544;-47.355342;E.E. PROFª OLYMPIA BARTH DE OLIVEIRA;R ITAPEMIRIM, 149;JARDIM IPIRANGA;3;AMERICANA;;
158;97;16;-22.747544;-47.355342;E.E. PROFª OLYMPIA BARTH DE OLIVEIRA;R ITAPEMIRIM, 149;JARDIM IPIRANGA;3;AMERICANA;;
158;98;16;-22.747544;-47.355342;E.E. PROFª OLYMPIA BARTH DE OLIVEIRA;R ITAPEMIRIM, 149;JARDIM IPIRANGA;3;AMERICANA;;
158;99;16;-22.747544;-47.355342;E.E. PROFª OLYMPIA BARTH DE OLIVEIRA;R ITAPEMIRIM, 149;JARDIM IPIRANGA;3;AMERICANA;;
158;100;16;-22.747544;-47.355342;E.E. PROFª OLYMPIA BARTH DE OLIVEIRA;R ITAPEMIRIM, 149;JARDIM IPIRANGA;3;AMERICANA;;
158;101;16;-22.747544;-47.355342;E.E. PROFª OLYMPIA BARTH DE OLIVEIRA;R ITAPEMIRIM, 149;JARDIM IPIRANGA;3;AMERICANA;;
158;102;16;-22.747544;-47.355342;E.E. PROFª OLYMPIA BARTH DE OLIVEIRA;R ITAPEMIRIM, 149;JARDIM IPIRANGA;3;AMERICANA;;
158;111;17;-22.731457;-47.342918;E.E. PROFª RISOLETA LOPES ARANHA;R TREZE DE MAIO, 471;JARDIM SÃO DOMINGOS;14;AMERICANA;;
158;112;17;-22.731457;-47.342918;E.E. PROFª RISOLETA LOPES ARANHA;R TREZE DE MAIO, 471;JARDIM SÃO DOMINGOS;14;AMERICANA;;
158;113;17;-22.731457;-47.342918;E.E. PROFª RISOLETA LOPES ARANHA;R TREZE DE MAIO, 471;JARDIM SÃO DOMINGOS;14;AMERICANA;;
158;114;17;-22.731457;-47.342918;E.E. PROFª RISOLETA LOPES ARANHA;R TREZE DE MAIO, 471;JARDIM SÃO DOMINGOS;14;AMERICANA;;
158;115;17;-22.731457;-47.342918;E.E. PROFª RISOLETA LOPES ARANHA;R TREZE DE MAIO, 471;JARDIM SÃO DOMINGOS;14;AMERICANA;;
158;116;17;-22.731457;-47.342918;E.E. PROFª RISOLETA LOPES ARANHA;R TREZE DE MAIO, 471;JARDIM SÃO DOMINGOS;14;AMERICANA;;
158;117;17;-22.731457;-47.342918;E.E. PROFª RISOLETA LOPES ARANHA;R TREZE DE MAIO, 471;JARDIM SÃO DOMINGOS;14;AMERICANA;;
158;118;17;-22.731457;-47.342918;E.E. PROFª RISOLETA LOPES ARANHA;R TREZE DE MAIO, 471;JARDIM SÃO DOMINGOS;14;AMERICANA;;
158;119;17;-22.731457;-47.342918;E.E. PROFª RISOLETA LOPES ARANHA;R TREZE DE MAIO, 471;JARDIM SÃO DOMINGOS;14;AMERICANA;;
158;175;17;-22.731457;-47.342918;E.E. PROFª RISOLETA LOPES ARANHA;R TREZE DE MAIO, 471;JARDIM SÃO DOMINGOS;14;AMERICANA;;
158;243;18;-22.724623;-47.349068;E.E. PROFº WILSON CAMARGO;R FLORINDO CIBIM, 3424;PARQUE DAS NAÇÕES;15;AMERICANA;;
158;251;18;-22.724623;-47.349068;E.E. PROFº WILSON CAMARGO;R FLORINDO CIBIM, 3424;PARQUE DAS NAÇÕES;15;AMERICANA;;
158;263;18;-22.724623;-47.349068;E.E. PROFº WILSON CAMARGO;R FLORINDO CIBIM, 3424;PARQUE DAS NAÇÕES;15;AMERICANA;;
158;272;18;-22.724623;-47.349068;E.E. PROFº WILSON CAMARGO;R FLORINDO CIBIM, 3424;PARQUE DAS NAÇÕES;15;AMERICANA;;
158;279;18;-22.724623;-47.349068;E.E. PROFº WILSON CAMARGO;R FLORINDO CIBIM, 3424;PARQUE DAS NAÇÕES;15;AMERICANA;;
158;287;18;-22.724623;-47.349068;E.E. PROFº WILSON CAMARGO;R FLORINDO CIBIM, 3424;PARQUE DAS NAÇÕES;15;AMERICANA;;
158;295;18;-22.724623;-47.349068;E.E. PROFº WILSON CAMARGO;R FLORINDO CIBIM, 3424;PARQUE DAS NAÇÕES;15;AMERICANA;;
158;302;18;-22.724623;-47.349068;E.E. PROFº WILSON CAMARGO;R FLORINDO CIBIM, 3424;PARQUE DAS NAÇÕES;15;AMERICANA;;
158;315;18;-22.724623;-47.349068;E.E. PROFº WILSON CAMARGO;R FLORINDO CIBIM, 3424;PARQUE DAS NAÇÕES;15;AMERICANA;;
158;129;19;-22.740745;-47.342722;E.E. SAO VICENTE DE PAULO;R DOM BARRETO, 1001;VILA JONES;16;AMERICANA;;
158;130;19;-22.740745;-47.342722;E.E. SAO VICENTE DE PAULO;R DOM BARRETO, 1001;VILA JONES;16;AMERICANA;;
158;131;19;-22.740745;-47.342722;E.E. SAO VICENTE DE PAULO;R DOM BARRETO, 1001;VILA JONES;16;AMERICANA;;
158;132;19;-22.740745;-47.342722;E.E. SAO VICENTE DE PAULO;R DOM BARRETO, 1001;VILA JONES;16;AMERICANA;;
158;133;19;-22.740745;-47.342722;E.E. SAO VICENTE DE PAULO;R DOM BARRETO, 1001;VILA JONES;16;AMERICANA;;
158;134;19;-22.740745;-47.342722;E.E. SAO VICENTE DE PAULO;R DOM BARRETO, 1001;VILA JONES;16;AMERICANA;;
158;135;19;-22.740745;-47.342722;E.E. SAO VICENTE DE PAULO;R DOM BARRETO, 1001;VILA JONES;16;AMERICANA;;
158;185;19;-22.740745;-47.342722;E.E. SAO VICENTE DE PAULO;R DOM BARRETO, 1001;VILA JONES;16;AMERICANA;;
158;254;19;-22.740745;-47.342722;E.E. SAO VICENTE DE PAULO;R DOM BARRETO, 1001;VILA JONES;16;AMERICANA;;
158;277;19;-22.740745;-47.342722;E.E. SAO VICENTE DE PAULO;R DOM BARRETO, 1001;VILA JONES;16;AMERICANA;;
158;299;19;-22.740745;-47.342722;E.E. SAO VICENTE DE PAULO;R DOM BARRETO, 1001;VILA JONES;16;AMERICANA;;
158;238;20;-22.712106;-47.359157;E.M.E.F. PROFº DARCY RIBEIRO;R DA IGUALDADE, S/N;JARDIM DA PAZ;17;AMERICANA;;
158;247;20;-22.712106;-47.359157;E.M.E.F. PROFº DARCY RIBEIRO;R DA IGUALDADE, S/N;JARDIM DA PAZ;17;AMERICANA;;
158;261;20;-22.712106;-47.359157;E.M.E.F. PROFº DARCY RIBEIRO;R DA IGUALDADE, S/N;JARDIM DA PAZ;17;AMERICANA;;
158;269;20;-22.712106;-47.359157;E.M.E.F. PROFº DARCY RIBEIRO;R DA IGUALDADE, S/N;JARDIM DA PAZ;17;AMERICANA;;
158;280;20;-22.712106;-47.359157;E.M.E.F. PROFº DARCY RIBEIRO;R DA IGUALDADE, S/N;JARDIM DA PAZ;17;AMERICANA;;
158;290;20;-22.712106;-47.359157;E.M.E.F. PROFº DARCY RIBEIRO;R DA IGUALDADE, S/N;JARDIM DA PAZ;17;AMERICANA;;
158;300;20;-22.712106;-47.359157;E.M.E.F. PROFº DARCY RIBEIRO;R DA IGUALDADE, S/N;JARDIM DA PAZ;17;AMERICANA;;
158;312;20;-22.712106;-47.359157;E.M.E.F. PROFº DARCY RIBEIRO;R DA IGUALDADE, S/N;JARDIM DA PAZ;17;AMERICANA;;
158;320;20;-22.712106;-47.359157;E.M.E.F. PROFº DARCY RIBEIRO;R DA IGUALDADE, S/N;JARDIM DA PAZ;17;AMERICANA;;
158;334;20;-22.712106;-47.359157;E.M.E.F. PROFº DARCY RIBEIRO;R DA IGUALDADE, S/N;JARDIM DA PAZ;17;AMERICANA;;
158;341;20;-22.712106;-47.359157;E.M.E.F. PROFº DARCY RIBEIRO;R DA IGUALDADE, S/N;JARDIM DA PAZ;17;AMERICANA;;
158;310;21;-22.718436;-47.346862;E.M.E.F. PROFº FLORESTAN FERNANDES;R JAPAO, 701;MORADA DO SOL;18;AMERICANA;;
158;324;21;-22.718436;-47.346862;E.M.E.F. PROFº FLORESTAN FERNANDES;R JAPAO, 701;MORADA DO SOL;18;AMERICANA;;
158;331;21;-22.718436;-47.346862;E.M.E.F. PROFº FLORESTAN FERNANDES;R JAPAO, 701;MORADA DO SOL;18;AMERICANA;;
158;333;21;-22.718436;-47.346862;E.M.E.F. PROFº FLORESTAN FERNANDES;R JAPAO, 701;MORADA DO SOL;18;AMERICANA;;
158;336;21;-22.718436;-47.346862;E.M.E.F. PROFº FLORESTAN FERNANDES;R JAPAO, 701;MORADA DO SOL;18;AMERICANA;;
158;339;21;-22.718436;-47.346862;E.M.E.F. PROFº FLORESTAN FERNANDES;R JAPAO, 701;MORADA DO SOL;18;AMERICANA;;
158;343;21;-22.718436;-47.346862;E.M.E.F. PROFº FLORESTAN FERNANDES;R JAPAO, 701;MORADA DO SOL;18;AMERICANA;;
158;345;21;-22.718436;-47.346862;E.M.E.F. PROFº FLORESTAN FERNANDES;R JAPAO, 701;MORADA DO SOL;18;AMERICANA;;
158;1;22;-22.739526;-47.351437;FACULDADE DE TECNOLOGIA (FATEC);RUA EMILIO DE MENEZES, S/N GLEBA B;VILA AMORIM;19;AMERICANA;;
158;2;22;-22.739526;-47.351437;FACULDADE DE TECNOLOGIA (FATEC);RUA EMILIO DE MENEZES, S/N GLEBA B;VILA AMORIM;19;AMERICANA;;
158;3;22;-22.739526;-47.351437;FACULDADE DE TECNOLOGIA (FATEC);RUA EMILIO DE MENEZES, S/N GLEBA B;VILA AMORIM;19;AMERICANA;;
158;4;22;-22.739526;-47.351437;FACULDADE DE TECNOLOGIA (FATEC);RUA EMILIO DE MENEZES, S/N GLEBA B;VILA AMORIM;19;AMERICANA;;
158;5;22;-22.739526;-47.351437;FACULDADE DE TECNOLOGIA (FATEC);RUA EMILIO DE MENEZES, S/N GLEBA B;VILA AMORIM;19;AMERICANA;;
158;6;22;-22.739526;-47.351437;FACULDADE DE TECNOLOGIA (FATEC);RUA EMILIO DE MENEZES, S/N GLEBA B;VILA AMORIM;19;AMERICANA;;
158;7;22;-22.739526;-47.351437;FACULDADE DE TECNOLOGIA (FATEC);RUA EMILIO DE MENEZES, S/N GLEBA B;VILA AMORIM;19;AMERICANA;;
158;8;22;-22.739526;-47.351437;FACULDADE DE TECNOLOGIA (FATEC);RUA EMILIO DE MENEZES, S/N GLEBA B;VILA AMORIM;19;AMERICANA;;
158;183;22;-22.739526;-47.351437;FACULDADE DE TECNOLOGIA (FATEC);RUA EMILIO DE MENEZES, S/N GLEBA B;VILA AMORIM;19;AMERICANA;;
158;250;22;-22.739526;-47.351437;FACULDADE DE TECNOLOGIA (FATEC);RUA EMILIO DE MENEZES, S/N GLEBA B;VILA AMORIM;19;AMERICANA;;
158;271;22;-22.739526;-47.351437;FACULDADE DE TECNOLOGIA (FATEC);RUA EMILIO DE MENEZES, S/N GLEBA B;VILA AMORIM;19;AMERICANA;;
158;291;22;-22.739526;-47.351437;FACULDADE DE TECNOLOGIA (FATEC);RUA EMILIO DE MENEZES, S/N GLEBA B;VILA AMORIM;19;AMERICANA;;
158;306;22;-22.739526;-47.351437;FACULDADE DE TECNOLOGIA (FATEC);RUA EMILIO DE MENEZES, S/N GLEBA B;VILA AMORIM;19;AMERICANA;;
158;316;22;-22.739526;-47.351437;FACULDADE DE TECNOLOGIA (FATEC);RUA EMILIO DE MENEZES, S/N GLEBA B;VILA AMORIM;19;AMERICANA;;
158;318;22;-22.739526;-47.351437;FACULDADE DE TECNOLOGIA (FATEC);RUA EMILIO DE MENEZES, S/N GLEBA B;VILA AMORIM;19;AMERICANA;;
158;322;22;-22.739526;-47.351437;FACULDADE DE TECNOLOGIA (FATEC);RUA EMILIO DE MENEZES, S/N GLEBA B;VILA AMORIM;19;AMERICANA;;
158;326;22;-22.739526;-47.351437;FACULDADE DE TECNOLOGIA (FATEC);RUA EMILIO DE MENEZES, S/N GLEBA B;VILA AMORIM;19;AMERICANA;;
158;329;22;-22.739526;-47.351437;FACULDADE DE TECNOLOGIA (FATEC);RUA EMILIO DE MENEZES, S/N GLEBA B;VILA AMORIM;19;AMERICANA;;
158;155;23;-22.751228;-47.333190;INSTITUTO SALESIANO DOM BOSCO;R DOM BOSCO, 100;VILA SANTA CATARINA;1;AMERICANA;;
158;173;23;-22.751228;-47.333190;INSTITUTO SALESIANO DOM BOSCO;R DOM BOSCO, 100;VILA SANTA CATARINA;1;AMERICANA;;
158;204;23;-22.751228;-47.333190;INSTITUTO SALESIANO DOM BOSCO;R DOM BOSCO, 100;VILA SANTA CATARINA;1;AMERICANA;;
158;222;23;-22.751228;-47.333190;INSTITUTO SALESIANO DOM BOSCO;R DOM BOSCO, 100;VILA SANTA CATARINA;1;AMERICANA;;
158;248;23;-22.751228;-47.333190;INSTITUTO SALESIANO DOM BOSCO;R DOM BOSCO, 100;VILA SANTA CATARINA;1;AMERICANA;;
158;260;23;-22.751228;-47.333190;INSTITUTO SALESIANO DOM BOSCO;R DOM BOSCO, 100;VILA SANTA CATARINA;1;AMERICANA;;
158;270;23;-22.751228;-47.333190;INSTITUTO SALESIANO DOM BOSCO;R DOM BOSCO, 100;VILA SANTA CATARINA;1;AMERICANA;;
158;282;23;-22.751228;-47.333190;INSTITUTO SALESIANO DOM BOSCO;R DOM BOSCO, 100;VILA SANTA CATARINA;1;AMERICANA;;
158;292;23;-22.751228;-47.333190;INSTITUTO SALESIANO DOM BOSCO;R DOM BOSCO, 100;VILA SANTA CATARINA;1;AMERICANA;;
158;313;23;-22.751228;-47.333190;INSTITUTO SALESIANO DOM BOSCO;R DOM BOSCO, 100;VILA SANTA CATARINA;1;AMERICANA;;
158;330;23;-22.751228;-47.333190;INSTITUTO SALESIANO DOM BOSCO;R DOM BOSCO, 100;VILA SANTA CATARINA;1;AMERICANA;;
158;156;23;-22.751228;-47.333190;INSTITUTO SALESIANO DOM BOSCO;R DOM BOSCO, 100;VILA SANTA CATARINA;1;AMERICANA;;
158;157;23;-22.751228;-47.333190;INSTITUTO SALESIANO DOM BOSCO;R DOM BOSCO, 100;VILA SANTA CATARINA;1;AMERICANA;;
158;158;23;-22.751228;-47.333190;INSTITUTO SALESIANO DOM BOSCO;R DOM BOSCO, 100;VILA SANTA CATARINA;1;AMERICANA;;
158;104;24;-22.753878;-47.351556;SERVICO NACIONAL DE APRENDIZAGEM INDUSTRIAL (SENAI);AV. BRASIL, 2801;JARDIM PAULISTA;20;AMERICANA;;
158;190;24;-22.753878;-47.351556;SERVICO NACIONAL DE APRENDIZAGEM INDUSTRIAL (SENAI);AV. BRASIL, 2801;JARDIM PAULISTA;20;AMERICANA;;
158;203;24;-22.753878;-47.351556;SERVICO NACIONAL DE APRENDIZAGEM INDUSTRIAL (SENAI);AV. BRASIL, 2801;JARDIM PAULISTA;20;AMERICANA;;
158;259;24;-22.753878;-47.351556;SERVICO NACIONAL DE APRENDIZAGEM INDUSTRIAL (SENAI);AV. BRASIL, 2801;JARDIM PAULISTA;20;AMERICANA;;
158;268;24;-22.753878;-47.351556;SERVICO NACIONAL DE APRENDIZAGEM INDUSTRIAL (SENAI);AV. BRASIL, 2801;JARDIM PAULISTA;20;AMERICANA;;
158;281;24;-22.753878;-47.351556;SERVICO NACIONAL DE APRENDIZAGEM INDUSTRIAL (SENAI);AV. BRASIL, 2801;JARDIM PAULISTA;20;AMERICANA;;
158;314;24;-22.753878;-47.351556;SERVICO NACIONAL DE APRENDIZAGEM INDUSTRIAL (SENAI);AV. BRASIL, 2801;JARDIM PAULISTA;20;AMERICANA;;
158;105;24;-22.753878;-47.351556;SERVICO NACIONAL DE APRENDIZAGEM INDUSTRIAL (SENAI);AV. BRASIL, 2801;JARDIM PAULISTA;20;AMERICANA;;
384;186;25;-22.715135;-47.313793;CIEP PROFª MARIA NILDE MASCELLANI;RUA NARA LEÃO;PARQUE RESIDENCIAL JAGUARI;21;AMERICANA;;
384;195;25;-22.715135;-47.313793;CIEP PROFª MARIA NILDE MASCELLANI;RUA NARA LEÃO;PARQUE RESIDENCIAL JAGUARI;21;AMERICANA;;
384;207;25;-22.715135;-47.313793;CIEP PROFª MARIA NILDE MASCELLANI;RUA NARA LEÃO;PARQUE RESIDENCIAL JAGUARI;21;AMERICANA;;
384;211;25;-22.715135;-47.313793;CIEP PROFª MARIA NILDE MASCELLANI;RUA NARA LEÃO;PARQUE RESIDENCIAL JAGUARI;21;AMERICANA;;
384;220;25;-22.715135;-47.313793;CIEP PROFª MARIA NILDE MASCELLANI;RUA NARA LEÃO;PARQUE RESIDENCIAL JAGUARI;21;AMERICANA;;
384;224;25;-22.715135;-47.313793;CIEP PROFª MARIA NILDE MASCELLANI;RUA NARA LEÃO;PARQUE RESIDENCIAL JAGUARI;21;AMERICANA;;
384;232;25;-22.715135;-47.313793;CIEP PROFª MARIA NILDE MASCELLANI;RUA NARA LEÃO;PARQUE RESIDENCIAL JAGUARI;21;AMERICANA;;
384;244;25;-22.715135;-47.313793;CIEP PROFª MARIA NILDE MASCELLANI;RUA NARA LEÃO;PARQUE RESIDENCIAL JAGUARI;21;AMERICANA;;
384;255;25;-22.715135;-47.313793;CIEP PROFª MARIA NILDE MASCELLANI;RUA NARA LEÃO;PARQUE RESIDENCIAL JAGUARI;21;AMERICANA;;
384;257;25;-22.715135;-47.313793;CIEP PROFª MARIA NILDE MASCELLANI;RUA NARA LEÃO;PARQUE RESIDENCIAL JAGUARI;21;AMERICANA;;
384;263;25;-22.715135;-47.313793;CIEP PROFª MARIA NILDE MASCELLANI;RUA NARA LEÃO;PARQUE RESIDENCIAL JAGUARI;21;AMERICANA;;
384;268;25;-22.715135;-47.313793;CIEP PROFª MARIA NILDE MASCELLANI;RUA NARA LEÃO;PARQUE RESIDENCIAL JAGUARI;21;AMERICANA;;
384;273;25;-22.715135;-47.313793;CIEP PROFª MARIA NILDE MASCELLANI;RUA NARA LEÃO;PARQUE RESIDENCIAL JAGUARI;21;AMERICANA;;
384;92;26;-22.745754;-47.239931;CIEP PROF MILTON SANTOS;RUA FELICIO ZAMPERLIN, 200;PRAIA AZUL;22;AMERICANA;;
384;139;26;-22.745754;-47.239931;CIEP PROF MILTON SANTOS;RUA FELICIO ZAMPERLIN, 200;PRAIA AZUL;22;AMERICANA;;
384;158;26;-22.745754;-47.239931;CIEP PROF MILTON SANTOS;RUA FELICIO ZAMPERLIN, 200;PRAIA AZUL;22;AMERICANA;;
384;163;26;-22.745754;-47.239931;CIEP PROF MILTON SANTOS;RUA FELICIO ZAMPERLIN, 200;PRAIA AZUL;22;AMERICANA;;
384;169;26;-22.745754;-47.239931;CIEP PROF MILTON SANTOS;RUA FELICIO ZAMPERLIN, 200;PRAIA AZUL;22;AMERICANA;;
384;196;26;-22.745754;-47.239931;CIEP PROF MILTON SANTOS;RUA FELICIO ZAMPERLIN, 200;PRAIA AZUL;22;AMERICANA;;
384;212;26;-22.745754;-47.239931;CIEP PROF MILTON SANTOS;RUA FELICIO ZAMPERLIN, 200;PRAIA AZUL;22;AMERICANA;;
384;239;26;-22.745754;-47.239931;CIEP PROF MILTON SANTOS;RUA FELICIO ZAMPERLIN, 200;PRAIA AZUL;22;AMERICANA;;
384;258;26;-22.745754;-47.239931;CIEP PROF MILTON SANTOS;RUA FELICIO ZAMPERLIN, 200;PRAIA AZUL;22;AMERICANA;;
384;270;26;-22.745754;-47.239931;CIEP PROF MILTON SANTOS;RUA FELICIO ZAMPERLIN, 200;PRAIA AZUL;22;AMERICANA;;
384;37;27;-22.766370;-47.339202;CIEP PROF OCTAVIO CESAR BORGHI;R DAS HORTENCIAS, 1555;CIDADE JARDIM II;23;AMERICANA;;
384;93;27;-22.766370;-47.339202;CIEP PROF OCTAVIO CESAR BORGHI;R DAS HORTENCIAS, 1555;CIDADE JARDIM II;23;AMERICANA;;
384;122;27;-22.766370;-47.339202;CIEP PROF OCTAVIO CESAR BORGHI;R DAS HORTENCIAS, 1555;CIDADE JARDIM II;23;AMERICANA;;
384;129;27;-22.766370;-47.339202;CIEP PROF OCTAVIO CESAR BORGHI;R DAS HORTENCIAS, 1555;CIDADE JARDIM II;23;AMERICANA;;
384;133;27;-22.766370;-47.339202;CIEP PROF OCTAVIO CESAR BORGHI;R DAS HORTENCIAS, 1555;CIDADE JARDIM II;23;AMERICANA;;
384;153;27;-22.766370;-47.339202;CIEP PROF OCTAVIO CESAR BORGHI;R DAS HORTENCIAS, 1555;CIDADE JARDIM II;23;AMERICANA;;
384;38;27;-22.766370;-47.339202;CIEP PROF OCTAVIO CESAR BORGHI;R DAS HORTENCIAS, 1555;CIDADE JARDIM II;23;AMERICANA;;
384;39;27;-22.766370;-47.339202;CIEP PROF OCTAVIO CESAR BORGHI;R DAS HORTENCIAS, 1555;CIDADE JARDIM II;23;AMERICANA;;
384;40;27;-22.766370;-47.339202;CIEP PROF OCTAVIO CESAR BORGHI;R DAS HORTENCIAS, 1555;CIDADE JARDIM II;23;AMERICANA;;
384;41;27;-22.766370;-47.339202;CIEP PROF OCTAVIO CESAR BORGHI;R DAS HORTENCIAS, 1555;CIDADE JARDIM II;23;AMERICANA;;
384;42;27;-22.766370;-47.339202;CIEP PROF OCTAVIO CESAR BORGHI;R DAS HORTENCIAS, 1555;CIDADE JARDIM II;23;AMERICANA;;
384;43;27;-22.766370;-47.339202;CIEP PROF OCTAVIO CESAR BORGHI;R DAS HORTENCIAS, 1555;CIDADE JARDIM II;23;AMERICANA;;
384;54;28;-22.699306;-47.293059;CIEP PROFª. ONIVA DE MOURA BRIZOLA;RUA ARI BARROSO, 105;ANTONIO ZANAGA I;24;AMERICANA;;
384;121;28;-22.699306;-47.293059;CIEP PROFª. ONIVA DE MOURA BRIZOLA;RUA ARI BARROSO, 105;ANTONIO ZANAGA I;24;AMERICANA;;
384;140;28;-22.699306;-47.293059;CIEP PROFª. ONIVA DE MOURA BRIZOLA;RUA ARI BARROSO, 105;ANTONIO ZANAGA I;24;AMERICANA;;
384;237;28;-22.699306;-47.293059;CIEP PROFª. ONIVA DE MOURA BRIZOLA;RUA ARI BARROSO, 105;ANTONIO ZANAGA I;24;AMERICANA;;
384;248;28;-22.699306;-47.293059;CIEP PROFª. ONIVA DE MOURA BRIZOLA;RUA ARI BARROSO, 105;ANTONIO ZANAGA I;24;AMERICANA;;
384;55;28;-22.699306;-47.293059;CIEP PROFª. ONIVA DE MOURA BRIZOLA;RUA ARI BARROSO, 105;ANTONIO ZANAGA I;24;AMERICANA;;
384;56;28;-22.699306;-47.293059;CIEP PROFª. ONIVA DE MOURA BRIZOLA;RUA ARI BARROSO, 105;ANTONIO ZANAGA I;24;AMERICANA;;
384;57;28;-22.699306;-47.293059;CIEP PROFª. ONIVA DE MOURA BRIZOLA;RUA ARI BARROSO, 105;ANTONIO ZANAGA I;24;AMERICANA;;
384;58;28;-22.699306;-47.293059;CIEP PROFª. ONIVA DE MOURA BRIZOLA;RUA ARI BARROSO, 105;ANTONIO ZANAGA I;24;AMERICANA;;
384;59;28;-22.699306;-47.293059;CIEP PROFª. ONIVA DE MOURA BRIZOLA;RUA ARI BARROSO, 105;ANTONIO ZANAGA I;24;AMERICANA;;
384;15;29;-22.726145;-47.311041;CIEP PROFª. PHILOMENA MAGALY M. ROSSETTI;R CHUCRI ZOGBI, 10;JARDIM SAO VITO;25;AMERICANA;;
384;16;29;-22.726145;-47.311041;CIEP PROFª. PHILOMENA MAGALY M. ROSSETTI;R CHUCRI ZOGBI, 10;JARDIM SAO VITO;25;AMERICANA;;
384;17;29;-22.726145;-47.311041;CIEP PROFª. PHILOMENA MAGALY M. ROSSETTI;R CHUCRI ZOGBI, 10;JARDIM SAO VITO;25;AMERICANA;;
384;18;29;-22.726145;-47.311041;CIEP PROFª. PHILOMENA MAGALY M. ROSSETTI;R CHUCRI ZOGBI, 10;JARDIM SAO VITO;25;AMERICANA;;
384;19;29;-22.726145;-47.311041;CIEP PROFª. PHILOMENA MAGALY M. ROSSETTI;R CHUCRI ZOGBI, 10;JARDIM SAO VITO;25;AMERICANA;;
384;20;29;-22.726145;-47.311041;CIEP PROFª. PHILOMENA MAGALY M. ROSSETTI;R CHUCRI ZOGBI, 10;JARDIM SAO VITO;25;AMERICANA;;
384;21;29;-22.726145;-47.311041;CIEP PROFª. PHILOMENA MAGALY M. ROSSETTI;R CHUCRI ZOGBI, 10;JARDIM SAO VITO;25;AMERICANA;;
384;22;29;-22.726145;-47.311041;CIEP PROFª. PHILOMENA MAGALY M. ROSSETTI;R CHUCRI ZOGBI, 10;JARDIM SAO VITO;25;AMERICANA;;
384;123;29;-22.726145;-47.311041;CIEP PROFª. PHILOMENA MAGALY M. ROSSETTI;R CHUCRI ZOGBI, 10;JARDIM SAO VITO;25;AMERICANA;;
384;128;29;-22.726145;-47.311041;CIEP PROFª. PHILOMENA MAGALY M. ROSSETTI;R CHUCRI ZOGBI, 10;JARDIM SAO VITO;25;AMERICANA;;
384;115;30;-22.758190;-47.307156;EE MAESTRO GERMANO BENENCASE;R.DOS ASTEROIDES, 224;JARDIM ALVORADA;26;AMERICANA;;
384;134;30;-22.758190;-47.307156;EE MAESTRO GERMANO BENENCASE;R.DOS ASTEROIDES, 224;JARDIM ALVORADA;26;AMERICANA;;
384;177;30;-22.758190;-47.307156;EE MAESTRO GERMANO BENENCASE;R.DOS ASTEROIDES, 224;JARDIM ALVORADA;26;AMERICANA;;
384;218;30;-22.758190;-47.307156;EE MAESTRO GERMANO BENENCASE;R.DOS ASTEROIDES, 224;JARDIM ALVORADA;26;AMERICANA;;
384;250;30;-22.758190;-47.307156;EE MAESTRO GERMANO BENENCASE;R.DOS ASTEROIDES, 224;JARDIM ALVORADA;26;AMERICANA;;
384;116;30;-22.758190;-47.307156;EE MAESTRO GERMANO BENENCASE;R.DOS ASTEROIDES, 224;JARDIM ALVORADA;26;AMERICANA;;
384;117;30;-22.758190;-47.307156;EE MAESTRO GERMANO BENENCASE;R.DOS ASTEROIDES, 224;JARDIM ALVORADA;26;AMERICANA;;
384;49;31;-22.703431;-47.292588;EE PREFEITO ANTONIO ZANAGA (PAZ);AV. CANDIDO PORTINARI, 801;ANTONIO ZANAGA I;24;AMERICANA;;
384;167;31;-22.703431;-47.292588;EE PREFEITO ANTONIO ZANAGA (PAZ);AV. CANDIDO PORTINARI, 801;ANTONIO ZANAGA I;24;AMERICANA;;
384;178;31;-22.703431;-47.292588;EE PREFEITO ANTONIO ZANAGA (PAZ);AV. CANDIDO PORTINARI, 801;ANTONIO ZANAGA I;24;AMERICANA;;
384;194;31;-22.703431;-47.292588;EE PREFEITO ANTONIO ZANAGA (PAZ);AV. CANDIDO PORTINARI, 801;ANTONIO ZANAGA I;24;AMERICANA;;
384;216;31;-22.703431;-47.292588;EE PREFEITO ANTONIO ZANAGA (PAZ);AV. CANDIDO PORTINARI, 801;ANTONIO ZANAGA I;24;AMERICANA;;
384;246;31;-22.703431;-47.292588;EE PREFEITO ANTONIO ZANAGA (PAZ);AV. CANDIDO PORTINARI, 801;ANTONIO ZANAGA I;24;AMERICANA;;
384;251;31;-22.703431;-47.292588;EE PREFEITO ANTONIO ZANAGA (PAZ);AV. CANDIDO PORTINARI, 801;ANTONIO ZANAGA I;24;AMERICANA;;
384;259;31;-22.703431;-47.292588;EE PREFEITO ANTONIO ZANAGA (PAZ);AV. CANDIDO PORTINARI, 801;ANTONIO ZANAGA I;24;AMERICANA;;
384;269;31;-22.703431;-47.292588;EE PREFEITO ANTONIO ZANAGA (PAZ);AV. CANDIDO PORTINARI, 801;ANTONIO ZANAGA I;24;AMERICANA;;
384;50;31;-22.703431;-47.292588;EE PREFEITO ANTONIO ZANAGA (PAZ);AV. CANDIDO PORTINARI, 801;ANTONIO ZANAGA I;24;AMERICANA;;
384;51;31;-22.703431;-47.292588;EE PREFEITO ANTONIO ZANAGA (PAZ);AV. CANDIDO PORTINARI, 801;ANTONIO ZANAGA I;24;AMERICANA;;
384;52;31;-22.703431;-47.292588;EE PREFEITO ANTONIO ZANAGA (PAZ);AV. CANDIDO PORTINARI, 801;ANTONIO ZANAGA I;24;AMERICANA;;
384;53;31;-22.703431;-47.292588;EE PREFEITO ANTONIO ZANAGA (PAZ);AV. CANDIDO PORTINARI, 801;ANTONIO ZANAGA I;24;AMERICANA;;
384;89;32;-22.713692;-47.293173;EE PROFª. ANNA MARIA LUCIA DE NARDO MORAES BARROS;RUA JANUARIO FERRARO, 270;JARDIM BRASIL;27;AMERICANA;;
384;126;32;-22.713692;-47.293173;EE PROFª. ANNA MARIA LUCIA DE NARDO MORAES BARROS;RUA JANUARIO FERRARO, 270;JARDIM BRASIL;27;AMERICANA;;
384;138;32;-22.713692;-47.293173;EE PROFª. ANNA MARIA LUCIA DE NARDO MORAES BARROS;RUA JANUARIO FERRARO, 270;JARDIM BRASIL;27;AMERICANA;;
384;150;32;-22.713692;-47.293173;EE PROFª. ANNA MARIA LUCIA DE NARDO MORAES BARROS;RUA JANUARIO FERRARO, 270;JARDIM BRASIL;27;AMERICANA;;
384;160;32;-22.713692;-47.293173;EE PROFª. ANNA MARIA LUCIA DE NARDO MORAES BARROS;RUA JANUARIO FERRARO, 270;JARDIM BRASIL;27;AMERICANA;;
384;183;32;-22.713692;-47.293173;EE PROFª. ANNA MARIA LUCIA DE NARDO MORAES BARROS;RUA JANUARIO FERRARO, 270;JARDIM BRASIL;27;AMERICANA;;
384;197;32;-22.713692;-47.293173;EE PROFª. ANNA MARIA LUCIA DE NARDO MORAES BARROS;RUA JANUARIO FERRARO, 270;JARDIM BRASIL;27;AMERICANA;;
384;217;32;-22.713692;-47.293173;EE PROFª. ANNA MARIA LUCIA DE NARDO MORAES BARROS;RUA JANUARIO FERRARO, 270;JARDIM BRASIL;27;AMERICANA;;
384;235;32;-22.713692;-47.293173;EE PROFª. ANNA MARIA LUCIA DE NARDO MORAES BARROS;RUA JANUARIO FERRARO, 270;JARDIM BRASIL;27;AMERICANA;;
384;90;32;-22.713692;-47.293173;EE PROFª. ANNA MARIA LUCIA DE NARDO MORAES BARROS;RUA JANUARIO FERRARO, 270;JARDIM BRASIL;27;AMERICANA;;
384;91;33;-22.750791;-47.255881;EE PROFª ANNA PERES DA SILVA;R. VICENZO SARDELLI, 220;JARDIM AMERICA;28;AMERICANA;;
384;144;33;-22.750791;-47.255881;EE PROFª ANNA PERES DA SILVA;R. VICENZO SARDELLI, 220;JARDIM AMERICA;28;AMERICANA;;
384;185;33;-22.750791;-47.255881;EE PROFª ANNA PERES DA SILVA;R. VICENZO SARDELLI, 220;JARDIM AMERICA;28;AMERICANA;;
384;230;33;-22.750791;-47.255881;EE PROFª ANNA PERES DA SILVA;R. VICENZO SARDELLI, 220;JARDIM AMERICA;28;AMERICANA;;
384;119;34;-22.764406;-47.360608;EE PROFª. ANTONIETA GHIZINI LENHARE;R. ANGELA CAROLINA CAMPARI PACE;JARDIM BRASÍLIA;29;AMERICANA;;
384;200;34;-22.764406;-47.360608;EE PROFª. ANTONIETA GHIZINI LENHARE;R. ANGELA CAROLINA CAMPARI PACE;JARDIM BRASÍLIA;29;AMERICANA;;
384;266;34;-22.764406;-47.360608;EE PROFª. ANTONIETA GHIZINI LENHARE;R. ANGELA CAROLINA CAMPARI PACE;JARDIM BRASÍLIA;29;AMERICANA;;
384;67;35;-22.706504;-47.299098;EE PROF. BENTO PENTEADO DOS SANTOS;RUA SOLANO TRINDADE N. 135;ANTONIO ZANAGA II;30;AMERICANA;;
384;78;35;-22.706504;-47.299098;EE PROF. BENTO PENTEADO DOS SANTOS;RUA SOLANO TRINDADE N. 135;ANTONIO ZANAGA II;30;AMERICANA;;
384;130;35;-22.706504;-47.299098;EE PROF. BENTO PENTEADO DOS SANTOS;RUA SOLANO TRINDADE N. 135;ANTONIO ZANAGA II;30;AMERICANA;;
384;146;35;-22.706504;-47.299098;EE PROF. BENTO PENTEADO DOS SANTOS;RUA SOLANO TRINDADE N. 135;ANTONIO ZANAGA II;30;AMERICANA;;
384;156;35;-22.706504;-47.299098;EE PROF. BENTO PENTEADO DOS SANTOS;RUA SOLANO TRINDADE N. 135;ANTONIO ZANAGA II;30;AMERICANA;;
384;166;35;-22.706504;-47.299098;EE PROF. BENTO PENTEADO DOS SANTOS;RUA SOLANO TRINDADE N. 135;ANTONIO ZANAGA II;30;AMERICANA;;
384;68;35;-22.706504;-47.299098;EE PROF. BENTO PENTEADO DOS SANTOS;RUA SOLANO TRINDADE N. 135;ANTONIO ZANAGA II;30;AMERICANA;;
384;69;35;-22.706504;-47.299098;EE PROF. BENTO PENTEADO DOS SANTOS;RUA SOLANO TRINDADE N. 135;ANTONIO ZANAGA II;30;AMERICANA;;
384;70;35;-22.706504;-47.299098;EE PROF. BENTO PENTEADO DOS SANTOS;RUA SOLANO TRINDADE N. 135;ANTONIO ZANAGA II;30;AMERICANA;;
384;71;35;-22.706504;-47.299098;EE PROF. BENTO PENTEADO DOS SANTOS;RUA SOLANO TRINDADE N. 135;ANTONIO ZANAGA II;30;AMERICANA;;
384;60;36;-22.702347;-47.299553;EE PROFª. CLARICE COSTA CONTI;R MARIA CAVALCANTI PROENCA, 99;ANTONIO ZANAGA;31;AMERICANA;;
384;189;36;-22.702347;-47.299553;EE PROFª. CLARICE COSTA CONTI;R MARIA CAVALCANTI PROENCA, 99;ANTONIO ZANAGA;31;AMERICANA;;
384;225;36;-22.702347;-47.299553;EE PROFª. CLARICE COSTA CONTI;R MARIA CAVALCANTI PROENCA, 99;ANTONIO ZANAGA;31;AMERICANA;;
384;61;36;-22.702347;-47.299553;EE PROFª. CLARICE COSTA CONTI;R MARIA CAVALCANTI PROENCA, 99;ANTONIO ZANAGA;31;AMERICANA;;
384;62;36;-22.702347;-47.299553;EE PROFª. CLARICE COSTA CONTI;R MARIA CAVALCANTI PROENCA, 99;ANTONIO ZANAGA;31;AMERICANA;;
384;63;36;-22.702347;-47.299553;EE PROFª. CLARICE COSTA CONTI;R MARIA CAVALCANTI PROENCA, 99;ANTONIO ZANAGA;31;AMERICANA;;
384;64;36;-22.702347;-47.299553;EE PROFª. CLARICE COSTA CONTI;R MARIA CAVALCANTI PROENCA, 99;ANTONIO ZANAGA;31;AMERICANA;;
384;65;36;-22.702347;-47.299553;EE PROFª. CLARICE COSTA CONTI;R MARIA CAVALCANTI PROENCA, 99;ANTONIO ZANAGA;31;AMERICANA;;
384;66;36;-22.702347;-47.299553;EE PROFª. CLARICE COSTA CONTI;R MARIA CAVALCANTI PROENCA, 99;ANTONIO ZANAGA;31;AMERICANA;;
384;74;37;-22.741643;-47.299810;EE PROF. CONSTANTINO AUGUSTO PINKE;R. HUMBERTO CASA GRANDE, 565;SAO LUIZ;32;AMERICANA;;
384;125;37;-22.741643;-47.299810;EE PROF. CONSTANTINO AUGUSTO PINKE;R. HUMBERTO CASA GRANDE, 565;SAO LUIZ;32;AMERICANA;;
384;136;37;-22.741643;-47.299810;EE PROF. CONSTANTINO AUGUSTO PINKE;R. HUMBERTO CASA GRANDE, 565;SAO LUIZ;32;AMERICANA;;
384;149;37;-22.741643;-47.299810;EE PROF. CONSTANTINO AUGUSTO PINKE;R. HUMBERTO CASA GRANDE, 565;SAO LUIZ;32;AMERICANA;;
384;181;37;-22.741643;-47.299810;EE PROF. CONSTANTINO AUGUSTO PINKE;R. HUMBERTO CASA GRANDE, 565;SAO LUIZ;32;AMERICANA;;
384;187;37;-22.741643;-47.299810;EE PROF. CONSTANTINO AUGUSTO PINKE;R. HUMBERTO CASA GRANDE, 565;SAO LUIZ;32;AMERICANA;;
384;75;37;-22.741643;-47.299810;EE PROF. CONSTANTINO AUGUSTO PINKE;R. HUMBERTO CASA GRANDE, 565;SAO LUIZ;32;AMERICANA;;
384;76;37;-22.741643;-47.299810;EE PROF. CONSTANTINO AUGUSTO PINKE;R. HUMBERTO CASA GRANDE, 565;SAO LUIZ;32;AMERICANA;;
384;77;37;-22.741643;-47.299810;EE PROF. CONSTANTINO AUGUSTO PINKE;R. HUMBERTO CASA GRANDE, 565;SAO LUIZ;32;AMERICANA;;
384;102;38;-22.767757;-47.330985;EE PROFª. DELMIRA DE OLIVEIRA LOPES;RUA DOS NARCISOS, 130;VILA MATHIENSEN;33;AMERICANA;;
384;118;38;-22.767757;-47.330985;EE PROFª. DELMIRA DE OLIVEIRA LOPES;RUA DOS NARCISOS, 130;VILA MATHIENSEN;33;AMERICANA;;
384;190;38;-22.767757;-47.330985;EE PROFª. DELMIRA DE OLIVEIRA LOPES;RUA DOS NARCISOS, 130;VILA MATHIENSEN;33;AMERICANA;;
384;199;38;-22.767757;-47.330985;EE PROFª. DELMIRA DE OLIVEIRA LOPES;RUA DOS NARCISOS, 130;VILA MATHIENSEN;33;AMERICANA;;
384;214;38;-22.767757;-47.330985;EE PROFª. DELMIRA DE OLIVEIRA LOPES;RUA DOS NARCISOS, 130;VILA MATHIENSEN;33;AMERICANA;;
384;233;38;-22.767757;-47.330985;EE PROFª. DELMIRA DE OLIVEIRA LOPES;RUA DOS NARCISOS, 130;VILA MATHIENSEN;33;AMERICANA;;
384;262;38;-22.767757;-47.330985;EE PROFª. DELMIRA DE OLIVEIRA LOPES;RUA DOS NARCISOS, 130;VILA MATHIENSEN;33;AMERICANA;;
384;103;38;-22.767757;-47.330985;EE PROFª. DELMIRA DE OLIVEIRA LOPES;RUA DOS NARCISOS, 130;VILA MATHIENSEN;33;AMERICANA;;
384;104;38;-22.767757;-47.330985;EE PROFª. DELMIRA DE OLIVEIRA LOPES;RUA DOS NARCISOS, 130;VILA MATHIENSEN;33;AMERICANA;;
384;105;38;-22.767757;-47.330985;EE PROFª. DELMIRA DE OLIVEIRA LOPES;RUA DOS NARCISOS, 130;VILA MATHIENSEN;33;AMERICANA;;
384;106;38;-22.767757;-47.330985;EE PROFª. DELMIRA DE OLIVEIRA LOPES;RUA DOS NARCISOS, 130;VILA MATHIENSEN;33;AMERICANA;;
384;29;39;-22.761684;-47.337240;EE PROFª. DILECTA CENEVIVA MARTINELLI;RUA DAS ORQUIDEAS, 214;CIDADE JARDIM II;23;AMERICANA;;
384;30;39;-22.761684;-47.337240;EE PROFª. DILECTA CENEVIVA MARTINELLI;RUA DAS ORQUIDEAS, 214;CIDADE JARDIM II;23;AMERICANA;;
384;31;39;-22.761684;-47.337240;EE PROFª. DILECTA CENEVIVA MARTINELLI;RUA DAS ORQUIDEAS, 214;CIDADE JARDIM II;23;AMERICANA;;
384;32;39;-22.761684;-47.337240;EE PROFª. DILECTA CENEVIVA MARTINELLI;RUA DAS ORQUIDEAS, 214;CIDADE JARDIM II;23;AMERICANA;;
384;33;39;-22.761684;-47.337240;EE PROFª. DILECTA CENEVIVA MARTINELLI;RUA DAS ORQUIDEAS, 214;CIDADE JARDIM II;23;AMERICANA;;
384;34;39;-22.761684;-47.337240;EE PROFª. DILECTA CENEVIVA MARTINELLI;RUA DAS ORQUIDEAS, 214;CIDADE JARDIM II;23;AMERICANA;;
384;35;39;-22.761684;-47.337240;EE PROFª. DILECTA CENEVIVA MARTINELLI;RUA DAS ORQUIDEAS, 214;CIDADE JARDIM II;23;AMERICANA;;
384;36;39;-22.761684;-47.337240;EE PROFª. DILECTA CENEVIVA MARTINELLI;RUA DAS ORQUIDEAS, 214;CIDADE JARDIM II;23;AMERICANA;;
384;209;39;-22.761684;-47.337240;EE PROFª. DILECTA CENEVIVA MARTINELLI;RUA DAS ORQUIDEAS, 214;CIDADE JARDIM II;23;AMERICANA;;
384;210;39;-22.761684;-47.337240;EE PROFª. DILECTA CENEVIVA MARTINELLI;RUA DAS ORQUIDEAS, 214;CIDADE JARDIM II;23;AMERICANA;;
384;227;39;-22.761684;-47.337240;EE PROFª. DILECTA CENEVIVA MARTINELLI;RUA DAS ORQUIDEAS, 214;CIDADE JARDIM II;23;AMERICANA;;
384;253;39;-22.761684;-47.337240;EE PROFª. DILECTA CENEVIVA MARTINELLI;RUA DAS ORQUIDEAS, 214;CIDADE JARDIM II;23;AMERICANA;;
384;179;40;-22.709020;-47.274664;EE PROFª. HILDA PARDO DE OLIVEIRA;RUA ARTHUR VAZ DE LIMA N. 134;RECANTO JATOBA;34;AMERICANA;;
384;252;40;-22.709020;-47.274664;EE PROFª. HILDA PARDO DE OLIVEIRA;RUA ARTHUR VAZ DE LIMA N. 134;RECANTO JATOBA;34;AMERICANA;;
384;265;40;-22.709020;-47.274664;EE PROFª. HILDA PARDO DE OLIVEIRA;RUA ARTHUR VAZ DE LIMA N. 134;RECANTO JATOBA;34;AMERICANA;;
384;6;41;-22.728144;-47.315727;EE PROF. JOAO SOLIDARIO PEDROSO;RUA SANTO ONOFRE, N. 275;SAO MANOEL;35;AMERICANA;;
384;7;41;-22.728144;-47.315727;EE PROF. JOAO SOLIDARIO PEDROSO;RUA SANTO ONOFRE, N. 275;SAO MANOEL;35;AMERICANA;;
384;8;41;-22.728144;-47.315727;EE PROF. JOAO SOLIDARIO PEDROSO;RUA SANTO ONOFRE, N. 275;SAO MANOEL;35;AMERICANA;;
384;9;41;-22.728144;-47.315727;EE PROF. JOAO SOLIDARIO PEDROSO;RUA SANTO ONOFRE, N. 275;SAO MANOEL;35;AMERICANA;;
384;10;41;-22.728144;-47.315727;EE PROF. JOAO SOLIDARIO PEDROSO;RUA SANTO ONOFRE, N. 275;SAO MANOEL;35;AMERICANA;;
384;11;41;-22.728144;-47.315727;EE PROF. JOAO SOLIDARIO PEDROSO;RUA SANTO ONOFRE, N. 275;SAO MANOEL;35;AMERICANA;;
384;12;41;-22.728144;-47.315727;EE PROF. JOAO SOLIDARIO PEDROSO;RUA SANTO ONOFRE, N. 275;SAO MANOEL;35;AMERICANA;;
384;13;41;-22.728144;-47.315727;EE PROF. JOAO SOLIDARIO PEDROSO;RUA SANTO ONOFRE, N. 275;SAO MANOEL;35;AMERICANA;;
384;14;41;-22.728144;-47.315727;EE PROF. JOAO SOLIDARIO PEDROSO;RUA SANTO ONOFRE, N. 275;SAO MANOEL;35;AMERICANA;;
384;243;42;-22.748975;-47.282875;EE PROFª MARIA FRIZZARIN;RUA UDINE, 120;JARDIM MIRANDOLA;36;AMERICANA;;
384;247;42;-22.748975;-47.282875;EE PROFª MARIA FRIZZARIN;RUA UDINE, 120;JARDIM MIRANDOLA;36;AMERICANA;;
384;264;42;-22.748975;-47.282875;EE PROFª MARIA FRIZZARIN;RUA UDINE, 120;JARDIM MIRANDOLA;36;AMERICANA;;
384;107;43;-22.739276;-47.322195;EE PROF. MARIO PATARRA FRATINI;R. PERNAMBUCO, 353;VILA NOSSA SENHORA DE FATIMA;37;AMERICANA;;
384;108;43;-22.739276;-47.322195;EE PROF. MARIO PATARRA FRATINI;R. PERNAMBUCO, 353;VILA NOSSA SENHORA DE FATIMA;37;AMERICANA;;
384;109;43;-22.739276;-47.322195;EE PROF. MARIO PATARRA FRATINI;R. PERNAMBUCO, 353;VILA NOSSA SENHORA DE FATIMA;37;AMERICANA;;
384;110;43;-22.739276;-47.322195;EE PROF. MARIO PATARRA FRATINI;R. PERNAMBUCO, 353;VILA NOSSA SENHORA DE FATIMA;37;AMERICANA;;
384;111;43;-22.739276;-47.322195;EE PROF. MARIO PATARRA FRATINI;R. PERNAMBUCO, 353;VILA NOSSA SENHORA DE FATIMA;37;AMERICANA;;
384;79;44;-22.732934;-47.304978;EE PROFª. MAURA DE ARRUDA GUIDOLIN;RUA DIONISIO RODRIGUES DA SILVA;JARDIM AMERICA;28;AMERICANA;;
384;80;44;-22.732934;-47.304978;EE PROFª. MAURA DE ARRUDA GUIDOLIN;RUA DIONISIO RODRIGUES DA SILVA;JARDIM AMERICA;28;AMERICANA;;
384;81;44;-22.732934;-47.304978;EE PROFª. MAURA DE ARRUDA GUIDOLIN;RUA DIONISIO RODRIGUES DA SILVA;JARDIM AMERICA;28;AMERICANA;;
384;82;44;-22.732934;-47.304978;EE PROFª. MAURA DE ARRUDA GUIDOLIN;RUA DIONISIO RODRIGUES DA SILVA;JARDIM AMERICA;28;AMERICANA;;
384;83;44;-22.732934;-47.304978;EE PROFª. MAURA DE ARRUDA GUIDOLIN;RUA DIONISIO RODRIGUES DA SILVA;JARDIM AMERICA;28;AMERICANA;;
384;84;44;-22.732934;-47.304978;EE PROFª. MAURA DE ARRUDA GUIDOLIN;RUA DIONISIO RODRIGUES DA SILVA;JARDIM AMERICA;28;AMERICANA;;
384;85;44;-22.732934;-47.304978;EE PROFª. MAURA DE ARRUDA GUIDOLIN;RUA DIONISIO RODRIGUES DA SILVA;JARDIM AMERICA;28;AMERICANA;;
384;86;44;-22.732934;-47.304978;EE PROFª. MAURA DE ARRUDA GUIDOLIN;RUA DIONISIO RODRIGUES DA SILVA;JARDIM AMERICA;28;AMERICANA;;
384;87;44;-22.732934;-47.304978;EE PROFª. MAURA DE ARRUDA GUIDOLIN;RUA DIONISIO RODRIGUES DA SILVA;JARDIM AMERICA;28;AMERICANA;;
384;88;44;-22.732934;-47.304978;EE PROFª. MAURA DE ARRUDA GUIDOLIN;RUA DIONISIO RODRIGUES DA SILVA;JARDIM AMERICA;28;AMERICANA;;
384;94;45;-22.726380;-47.322121;EE PROF. SILVINO JOSE DE OLIVEIRA;RUA PROF. MIGUEL COUTO, 716;VILA CORDENONSI;38;AMERICANA;;
384;95;45;-22.726380;-47.322121;EE PROF. SILVINO JOSE DE OLIVEIRA;RUA PROF. MIGUEL COUTO, 716;VILA CORDENONSI;38;AMERICANA;;
384;96;45;-22.726380;-47.322121;EE PROF. SILVINO JOSE DE OLIVEIRA;RUA PROF. MIGUEL COUTO, 716;VILA CORDENONSI;38;AMERICANA;;
384;97;45;-22.726380;-47.322121;EE PROF. SILVINO JOSE DE OLIVEIRA;RUA PROF. MIGUEL COUTO, 716;VILA CORDENONSI;38;AMERICANA;;
384;98;45;-22.726380;-47.322121;EE PROF. SILVINO JOSE DE OLIVEIRA;RUA PROF. MIGUEL COUTO, 716;VILA CORDENONSI;38;AMERICANA;;
384;99;45;-22.726380;-47.322121;EE PROF. SILVINO JOSE DE OLIVEIRA;RUA PROF. MIGUEL COUTO, 716;VILA CORDENONSI;38;AMERICANA;;
384;100;45;-22.726380;-47.322121;EE PROF. SILVINO JOSE DE OLIVEIRA;RUA PROF. MIGUEL COUTO, 716;VILA CORDENONSI;38;AMERICANA;;
384;101;45;-22.726380;-47.322121;EE PROF. SILVINO JOSE DE OLIVEIRA;RUA PROF. MIGUEL COUTO, 716;VILA CORDENONSI;38;AMERICANA;;
384;132;45;-22.726380;-47.322121;EE PROF. SILVINO JOSE DE OLIVEIRA;RUA PROF. MIGUEL COUTO, 716;VILA CORDENONSI;38;AMERICANA;;
384;44;46;-22.740968;-47.241416;EE PROFª. SINESIA MARTINI;RUA GERONIMO SANTON, N. 33;SAO BENEDITO;39;AMERICANA;;
384;45;46;-22.740968;-47.241416;EE PROFª. SINESIA MARTINI;RUA GERONIMO SANTON, N. 33;SAO BENEDITO;39;AMERICANA;;
384;46;46;-22.740968;-47.241416;EE PROFª. SINESIA MARTINI;RUA GERONIMO SANTON, N. 33;SAO BENEDITO;39;AMERICANA;;
384;47;46;-22.740968;-47.241416;EE PROFª. SINESIA MARTINI;RUA GERONIMO SANTON, N. 33;SAO BENEDITO;39;AMERICANA;;
384;48;46;-22.740968;-47.241416;EE PROFª. SINESIA MARTINI;RUA GERONIMO SANTON, N. 33;SAO BENEDITO;39;AMERICANA;;
384;137;46;-22.740968;-47.241416;EE PROFª. SINESIA MARTINI;RUA GERONIMO SANTON, N. 33;SAO BENEDITO;39;AMERICANA;;
384;234;46;-22.740968;-47.241416;EE PROFª. SINESIA MARTINI;RUA GERONIMO SANTON, N. 33;SAO BENEDITO;39;AMERICANA;;
384;141;47;-22.774214;-47.343442;EMEF PAULO FREIRE;R. GUARUJA, S/N - ALT. 657;PARQUE NOVO MUNDO;40;AMERICANA;;
384;155;47;-22.774214;-47.343442;EMEF PAULO FREIRE;R. GUARUJA, S/N - ALT. 657;PARQUE NOVO MUNDO;40;AMERICANA;;
384;172;47;-22.774214;-47.343442;EMEF PAULO FREIRE;R. GUARUJA, S/N - ALT. 657;PARQUE NOVO MUNDO;40;AMERICANA;;
384;184;47;-22.774214;-47.343442;EMEF PAULO FREIRE;R. GUARUJA, S/N - ALT. 657;PARQUE NOVO MUNDO;40;AMERICANA;;
384;198;47;-22.774214;-47.343442;EMEF PAULO FREIRE;R. GUARUJA, S/N - ALT. 657;PARQUE NOVO MUNDO;40;AMERICANA;;
384;215;47;-22.774214;-47.343442;EMEF PAULO FREIRE;R. GUARUJA, S/N - ALT. 657;PARQUE NOVO MUNDO;40;AMERICANA;;
384;228;47;-22.774214;-47.343442;EMEF PAULO FREIRE;R. GUARUJA, S/N - ALT. 657;PARQUE NOVO MUNDO;40;AMERICANA;;
384;238;47;-22.774214;-47.343442;EMEF PAULO FREIRE;R. GUARUJA, S/N - ALT. 657;PARQUE NOVO MUNDO;40;AMERICANA;;
384;245;47;-22.774214;-47.343442;EMEF PAULO FREIRE;R. GUARUJA, S/N - ALT. 657;PARQUE NOVO MUNDO;40;AMERICANA;;
384;256;47;-22.774214;-47.343442;EMEF PAULO FREIRE;R. GUARUJA, S/N - ALT. 657;PARQUE NOVO MUNDO;40;AMERICANA;;
384;260;47;-22.774214;-47.343442;EMEF PAULO FREIRE;R. GUARUJA, S/N - ALT. 657;PARQUE NOVO MUNDO;40;AMERICANA;;
384;267;47;-22.774214;-47.343442;EMEF PAULO FREIRE;R. GUARUJA, S/N - ALT. 657;PARQUE NOVO MUNDO;40;AMERICANA;;
384;274;47;-22.774214;-47.343442;EMEF PAULO FREIRE;R. GUARUJA, S/N - ALT. 657;PARQUE NOVO MUNDO;40;AMERICANA;;
384;72;48;-22.722997;-47.308631;EMEF PROF. JONAS CORREA DE ARRUDA FILHO;R JOAO BERNESTEIN N 601;VILA MARGARIDA;41;AMERICANA;;
384;73;48;-22.722997;-47.308631;EMEF PROF. JONAS CORREA DE ARRUDA FILHO;R JOAO BERNESTEIN N 601;VILA MARGARIDA;41;AMERICANA;;
384;120;48;-22.722997;-47.308631;EMEF PROF. JONAS CORREA DE ARRUDA FILHO;R JOAO BERNESTEIN N 601;VILA MARGARIDA;41;AMERICANA;;
384;127;48;-22.722997;-47.308631;EMEF PROF. JONAS CORREA DE ARRUDA FILHO;R JOAO BERNESTEIN N 601;VILA MARGARIDA;41;AMERICANA;;
384;131;48;-22.722997;-47.308631;EMEF PROF. JONAS CORREA DE ARRUDA FILHO;R JOAO BERNESTEIN N 601;VILA MARGARIDA;41;AMERICANA;;
384;145;48;-22.722997;-47.308631;EMEF PROF. JONAS CORREA DE ARRUDA FILHO;R JOAO BERNESTEIN N 601;VILA MARGARIDA;41;AMERICANA;;
384;147;48;-22.722997;-47.308631;EMEF PROF. JONAS CORREA DE ARRUDA FILHO;R JOAO BERNESTEIN N 601;VILA MARGARIDA;41;AMERICANA;;
384;151;48;-22.722997;-47.308631;EMEF PROF. JONAS CORREA DE ARRUDA FILHO;R JOAO BERNESTEIN N 601;VILA MARGARIDA;41;AMERICANA;;
384;154;48;-22.722997;-47.308631;EMEF PROF. JONAS CORREA DE ARRUDA FILHO;R JOAO BERNESTEIN N 601;VILA MARGARIDA;41;AMERICANA;;
384;162;48;-22.722997;-47.308631;EMEF PROF. JONAS CORREA DE ARRUDA FILHO;R JOAO BERNESTEIN N 601;VILA MARGARIDA;41;AMERICANA;;
384;143;49;-22.769110;-47.331843;EMEI CARANDA;R. TUCANOS, 200;VILA MATHIENSEN;33;AMERICANA;;
384;174;49;-22.769110;-47.331843;EMEI CARANDA;R. TUCANOS, 200;VILA MATHIENSEN;33;AMERICANA;;
384;191;49;-22.769110;-47.331843;EMEI CARANDA;R. TUCANOS, 200;VILA MATHIENSEN;33;AMERICANA;;
384;142;50;-22.765478;-47.336785;EMEI CASA DA CRIANCA GRAUNA;R. DOS LIRIOS, 1090;CIDADE JARDIM II;23;AMERICANA;;
384;152;50;-22.765478;-47.336785;EMEI CASA DA CRIANCA GRAUNA;R. DOS LIRIOS, 1090;CIDADE JARDIM II;23;AMERICANA;;
384;165;50;-22.765478;-47.336785;EMEI CASA DA CRIANCA GRAUNA;R. DOS LIRIOS, 1090;CIDADE JARDIM II;23;AMERICANA;;
384;173;51;-22.705429;-47.299048;EMEI CASA DA CRIANÇA URUPÊ;RUA CAETANO DE CAMPOS, 30;PROFILURB;42;AMERICANA;;
384;213;51;-22.705429;-47.299048;EMEI CASA DA CRIANÇA URUPÊ;RUA CAETANO DE CAMPOS, 30;PROFILURB;42;AMERICANA;;
384;241;51;-22.705429;-47.299048;EMEI CASA DA CRIANÇA URUPÊ;RUA CAETANO DE CAMPOS, 30;PROFILURB;42;AMERICANA;;
384;23;52;-22.729029;-47.304208;EMEI INDAIÁ;RUA SANTA EFIGÊNIA, S/N.;JARDIM SAO VITO;25;AMERICANA;;
384;24;52;-22.729029;-47.304208;EMEI INDAIÁ;RUA SANTA EFIGÊNIA, S/N.;JARDIM SAO VITO;25;AMERICANA;;
384;25;52;-22.729029;-47.304208;EMEI INDAIÁ;RUA SANTA EFIGÊNIA, S/N.;JARDIM SAO VITO;25;AMERICANA;;
384;231;52;-22.729029;-47.304208;EMEI INDAIÁ;RUA SANTA EFIGÊNIA, S/N.;JARDIM SAO VITO;25;AMERICANA;;
384;112;53;-22.738044;-47.322567;EMEI JACINA;AV. PAULISTA, 270;JARDIM COLINA;43;AMERICANA;;
384;113;53;-22.738044;-47.322567;EMEI JACINA;AV. PAULISTA, 270;JARDIM COLINA;43;AMERICANA;;
384;114;53;-22.738044;-47.322567;EMEI JACINA;AV. PAULISTA, 270;JARDIM COLINA;43;AMERICANA;;
384;168;54;-22.720854;-47.307979;EMEI PATURI;RUA ERNESTO FURINI,290;VILA MARIANA;44;AMERICANA;;
384;176;54;-22.720854;-47.307979;EMEI PATURI;RUA ERNESTO FURINI,290;VILA MARIANA;44;AMERICANA;;
384;180;54;-22.720854;-47.307979;EMEI PATURI;RUA ERNESTO FURINI,290;VILA MARIANA;44;AMERICANA;;
384;192;54;-22.720854;-47.307979;EMEI PATURI;RUA ERNESTO FURINI,290;VILA MARIANA;44;AMERICANA;;
384;202;54;-22.720854;-47.307979;EMEI PATURI;RUA ERNESTO FURINI,290;VILA MARIANA;44;AMERICANA;;
384;170;55;-22.727401;-47.315733;EMEI POTIRA;RUA SÃO FRANCISCO DE ASSIS, 184;SAO MANOEL;35;AMERICANA;;
384;188;55;-22.727401;-47.315733;EMEI POTIRA;RUA SÃO FRANCISCO DE ASSIS, 184;SAO MANOEL;35;AMERICANA;;
384;201;55;-22.727401;-47.315733;EMEI POTIRA;RUA SÃO FRANCISCO DE ASSIS, 184;SAO MANOEL;35;AMERICANA;;
384;242;55;-22.727401;-47.315733;EMEI POTIRA;RUA SÃO FRANCISCO DE ASSIS, 184;SAO MANOEL;35;AMERICANA;;
384;1;56;-22.735739;-47.315732;ESCOLA TECNICA ESTADUAL DE AMERICANA;AV. NOSSA SENHORA DE FATIMA, 567;JARDIM SANTANA;45;AMERICANA;;
384;2;56;-22.735739;-47.315732;ESCOLA TECNICA ESTADUAL DE AMERICANA;AV. NOSSA SENHORA DE FATIMA, 567;JARDIM SANTANA;45;AMERICANA;;
384;3;56;-22.735739;-47.315732;ESCOLA TECNICA ESTADUAL DE AMERICANA;AV. NOSSA SENHORA DE FATIMA, 567;JARDIM SANTANA;45;AMERICANA;;
384;4;56;-22.735739;-47.315732;ESCOLA TECNICA ESTADUAL DE AMERICANA;AV. NOSSA SENHORA DE FATIMA, 567;JARDIM SANTANA;45;AMERICANA;;
384;5;56;-22.735739;-47.315732;ESCOLA TECNICA ESTADUAL DE AMERICANA;AV. NOSSA SENHORA DE FATIMA, 567;JARDIM SANTANA;45;AMERICANA;;
384;124;56;-22.735739;-47.315732;ESCOLA TECNICA ESTADUAL DE AMERICANA;AV. NOSSA SENHORA DE FATIMA, 567;JARDIM SANTANA;45;AMERICANA;;
384;135;56;-22.735739;-47.315732;ESCOLA TECNICA ESTADUAL DE AMERICANA;AV. NOSSA SENHORA DE FATIMA, 567;JARDIM SANTANA;45;AMERICANA;;
384;148;56;-22.735739;-47.315732;ESCOLA TECNICA ESTADUAL DE AMERICANA;AV. NOSSA SENHORA DE FATIMA, 567;JARDIM SANTANA;45;AMERICANA;;
384;157;56;-22.735739;-47.315732;ESCOLA TECNICA ESTADUAL DE AMERICANA;AV. NOSSA SENHORA DE FATIMA, 567;JARDIM SANTANA;45;AMERICANA;;
384;161;56;-22.735739;-47.315732;ESCOLA TECNICA ESTADUAL DE AMERICANA;AV. NOSSA SENHORA DE FATIMA, 567;JARDIM SANTANA;45;AMERICANA;;
384;171;56;-22.735739;-47.315732;ESCOLA TECNICA ESTADUAL DE AMERICANA;AV. NOSSA SENHORA DE FATIMA, 567;JARDIM SANTANA;45;AMERICANA;;
384;182;56;-22.735739;-47.315732;ESCOLA TECNICA ESTADUAL DE AMERICANA;AV. NOSSA SENHORA DE FATIMA, 567;JARDIM SANTANA;45;AMERICANA;;
384;193;56;-22.735739;-47.315732;ESCOLA TECNICA ESTADUAL DE AMERICANA;AV. NOSSA SENHORA DE FATIMA, 567;JARDIM SANTANA;45;AMERICANA;;
384;203;56;-22.735739;-47.315732;ESCOLA TECNICA ESTADUAL DE AMERICANA;AV. NOSSA SENHORA DE FATIMA, 567;JARDIM SANTANA;45;AMERICANA;;
384;208;56;-22.735739;-47.315732;ESCOLA TECNICA ESTADUAL DE AMERICANA;AV. NOSSA SENHORA DE FATIMA, 567;JARDIM SANTANA;45;AMERICANA;;
384;226;56;-22.735739;-47.315732;ESCOLA TECNICA ESTADUAL DE AMERICANA;AV. NOSSA SENHORA DE FATIMA, 567;JARDIM SANTANA;45;AMERICANA;;
384;240;56;-22.735739;-47.315732;ESCOLA TECNICA ESTADUAL DE AMERICANA;AV. NOSSA SENHORA DE FATIMA, 567;JARDIM SANTANA;45;AMERICANA;;
384;261;56;-22.735739;-47.315732;ESCOLA TECNICA ESTADUAL DE AMERICANA;AV. NOSSA SENHORA DE FATIMA, 567;JARDIM SANTANA;45;AMERICANA;;
384;26;57;-22.734327;-47.296406;FAM - FACULDADE DE AMERICANA;AV. JOAQUIM BOER, 733 - PORTARIA 4;JARDIM HELENA;46;AMERICANA;;
384;27;57;-22.734327;-47.296406;FAM - FACULDADE DE AMERICANA;AV. JOAQUIM BOER, 733 - PORTARIA 4;JARDIM HELENA;46;AMERICANA;;
384;28;57;-22.734327;-47.296406;FAM - FACULDADE DE AMERICANA;AV. JOAQUIM BOER, 733 - PORTARIA 4;JARDIM HELENA;46;AMERICANA;;
384;159;57;-22.734327;-47.296406;FAM - FACULDADE DE AMERICANA;AV. JOAQUIM BOER, 733 - PORTARIA 4;JARDIM HELENA;46;AMERICANA;;
384;164;57;-22.734327;-47.296406;FAM - FACULDADE DE AMERICANA;AV. JOAQUIM BOER, 733 - PORTARIA 4;JARDIM HELENA;46;AMERICANA;;
384;175;57;-22.734327;-47.296406;FAM - FACULDADE DE AMERICANA;AV. JOAQUIM BOER, 733 - PORTARIA 4;JARDIM HELENA;46;AMERICANA;;
384;205;57;-22.734327;-47.296406;FAM - FACULDADE DE AMERICANA;AV. JOAQUIM BOER, 733 - PORTARIA 4;JARDIM HELENA;46;AMERICANA;;
384;206;57;-22.734327;-47.296406;FAM - FACULDADE DE AMERICANA;AV. JOAQUIM BOER, 733 - PORTARIA 4;JARDIM HELENA;46;AMERICANA;;
384;219;57;-22.734327;-47.296406;FAM - FACULDADE DE AMERICANA;AV. JOAQUIM BOER, 733 - PORTARIA 4;JARDIM HELENA;46;AMERICANA;;
384;229;57;-22.734327;-47.296406;FAM - FACULDADE DE AMERICANA;AV. JOAQUIM BOER, 733 - PORTARIA 4;JARDIM HELENA;46;AMERICANA;;
384;236;57;-22.734327;-47.296406;FAM - FACULDADE DE AMERICANA;AV. JOAQUIM BOER, 733 - PORTARIA 4;JARDIM HELENA;46;AMERICANA;;
384;249;57;-22.734327;-47.296406;FAM - FACULDADE DE AMERICANA;AV. JOAQUIM BOER, 733 - PORTARIA 4;JARDIM HELENA;46;AMERICANA;;
384;204;58;-22.749250;-47.319558;SERV. SOCIAL DA INDÚSTRIA - SESI/SP;AV. BANDEIRANTES, 1000;LOTEAMENTO INDUSTRIAL MACHADINHO;47;AMERICANA;;
384;254;58;-22.749250;-47.319558;SERV. SOCIAL DA INDÚSTRIA - SESI/SP;AV. BANDEIRANTES, 1000;LOTEAMENTO INDUSTRIAL MACHADINHO;47;AMERICANA;;
384;271;58;-22.749250;-47.319558;SERV. SOCIAL DA INDÚSTRIA - SESI/SP;AV. BANDEIRANTES, 1000;LOTEAMENTO INDUSTRIAL MACHADINHO;47;AMERICANA;;
